beta,total_loss,rec_loss,kl_loss,sigma-0_mean,sigma-0_std,sigma-1_mean,sigma-1_std,sigma-2_mean,sigma-2_std,sigma-3_mean,sigma-3_std,sigma-4_mean,sigma-4_std,sigma-5_mean,sigma-5_std,sigma-6_mean,sigma-6_std,sigma-7_mean,sigma-7_std,sigma-8_mean,sigma-8_std,sigma-9_mean,sigma-9_std,sigma-10_mean,sigma-10_std,sigma-11_mean,sigma-11_std,sigma-12_mean,sigma-12_std,sigma-13_mean,sigma-13_std,sigma-14_mean,sigma-14_std,sigma-15_mean,sigma-15_std,sigma-16_mean,sigma-16_std,sigma-17_mean,sigma-17_std,sigma-18_mean,sigma-18_std,sigma-19_mean,sigma-19_std,sigma-20_mean,sigma-20_std,sigma-21_mean,sigma-21_std,sigma-22_mean,sigma-22_std,sigma-23_mean,sigma-23_std,sigma-24_mean,sigma-24_std,sigma-25_mean,sigma-25_std,sigma-26_mean,sigma-26_std,sigma-27_mean,sigma-27_std,sigma-28_mean,sigma-28_std,sigma-29_mean,sigma-29_std,sigma-30_mean,sigma-30_std,sigma-31_mean,sigma-31_std,sigma-32_mean,sigma-32_std,sigma-33_mean,sigma-33_std,sigma-34_mean,sigma-34_std,sigma-35_mean,sigma-35_std,sigma-36_mean,sigma-36_std,sigma-37_mean,sigma-37_std,sigma-38_mean,sigma-38_std,sigma-39_mean,sigma-39_std,sigma-40_mean,sigma-40_std,sigma-41_mean,sigma-41_std,sigma-42_mean,sigma-42_std,sigma-43_mean,sigma-43_std,sigma-44_mean,sigma-44_std,sigma-45_mean,sigma-45_std,sigma-46_mean,sigma-46_std,sigma-47_mean,sigma-47_std,sigma-48_mean,sigma-48_std,sigma-49_mean,sigma-49_std,sigma-50_mean,sigma-50_std,sigma-51_mean,sigma-51_std,sigma-52_mean,sigma-52_std,sigma-53_mean,sigma-53_std,sigma-54_mean,sigma-54_std,sigma-55_mean,sigma-55_std,sigma-56_mean,sigma-56_std,sigma-57_mean,sigma-57_std,sigma-58_mean,sigma-58_std,sigma-59_mean,sigma-59_std,sigma-60_mean,sigma-60_std,sigma-61_mean,sigma-61_std,sigma-62_mean,sigma-62_std,sigma-63_mean,sigma-63_std
0.3,14.918747744326398,9.982106249469684,4.936641490281517,0.929336428642273,0.027954882010817528,0.9356927275657654,0.027804763987660408,0.9465461373329163,0.02533559687435627,0.7811527848243713,0.036103829741477966,0.9276683330535889,0.028145961463451385,0.9483720064163208,0.025328055024147034,0.9483613967895508,0.02797161601483822,0.34647855162620544,0.050081685185432434,0.8499460816383362,0.03272491693496704,0.7955400943756104,0.04933743178844452,0.37615010142326355,0.03978010639548302,0.9513704180717468,0.024899274110794067,0.9367493987083435,0.02673300728201866,0.9327758550643921,0.026258282363414764,0.9480065107345581,0.025450753048062325,0.9086517691612244,0.025961747393012047,0.3894347548484802,0.06338810175657272,0.7847887277603149,0.04095269367098808,0.5364311337471008,0.048455335199832916,0.9559691548347473,0.02514585852622986,0.9181222915649414,0.02783687226474285,0.934349775314331,0.026402708142995834,0.9511837363243103,0.025604261085391045,0.3465574085712433,0.0274043045938015,0.9119428992271423,0.026423603296279907,0.9503141641616821,0.026645109057426453,0.3673103451728821,0.03727421164512634,0.8868244290351868,0.029341598972678185,0.9571726322174072,0.025627201423048973,0.874142587184906,0.038991913199424744,0.8676216006278992,0.029449498280882835,0.8987085819244385,0.03115987963974476,0.5786906480789185,0.03127896413207054,0.90813809633255,0.027785805985331535,0.4621272683143616,0.056729983538389206,0.2890516519546509,0.02799930050969124,0.9033511877059937,0.02949574589729309,0.8765450119972229,0.023896971717476845,0.9416512846946716,0.025616496801376343,0.5233674049377441,0.07353875786066055,0.8703092932701111,0.03489310294389725,0.5721816420555115,0.0741773322224617,0.9579250812530518,0.026593100279569626,0.9117792844772339,0.03290934860706329,0.9516800045967102,0.0278178658336401,0.9206867814064026,0.029012547805905342,0.9550589919090271,0.026310985907912254,0.3218342065811157,0.03517363220453262,0.3963254690170288,0.026875026524066925,0.9538254737854004,0.02706553414463997,0.9245477318763733,0.026911219581961632,0.8995617628097534,0.03295206278562546,0.9305362701416016,0.028154894709587097,0.8226137757301331,0.03300471976399422,0.4474571645259857,0.035255275666713715,0.9414494037628174,0.027331439778208733,0.9184939861297607,0.02720377780497074,0.8102812767028809,0.039789170026779175,0.9299344420433044,0.0281287282705307,0.9373854994773865,0.02484086900949478,0.940851628780365,0.026196777820587158,0.9417069554328918,0.025867844000458717,0.928725004196167,0.023751571774482727,0.9427749514579773,0.024627801030874252
0.6,18.55985926565077,13.233227786733144,5.326631465192034,0.9746211767196655,0.023066503927111626,0.9754777550697327,0.02389378659427166,0.9801145195960999,0.022776080295443535,0.6116528511047363,0.0797559842467308,0.9635735154151917,0.0238727368414402,0.968299150466919,0.02430305816233158,0.9648429751396179,0.02305031195282936,0.9752436876296997,0.023688888177275658,0.9725641012191772,0.024181285873055458,0.980694591999054,0.02126183919608593,0.9380514025688171,0.029912583529949188,0.9691644906997681,0.022601628676056862,0.9729206562042236,0.025156065821647644,0.9779437780380249,0.022868501022458076,0.3732275366783142,0.058020904660224915,0.9744347929954529,0.021771298721432686,0.9679023623466492,0.023619703948497772,0.4470328688621521,0.05077474191784859,0.9720596075057983,0.022103874012827873,0.9827768206596375,0.024722525849938393,0.9746846556663513,0.02391565591096878,0.8307866454124451,0.044205691665410995,0.517250657081604,0.031408846378326416,0.9672437906265259,0.023927908390760422,0.35556602478027344,0.030481932684779167,0.9754675030708313,0.02473912015557289,0.9816200733184814,0.02343282848596573,0.9733383059501648,0.02344421297311783,0.9703292846679688,0.024620261043310165,0.465498685836792,0.04378632828593254,0.5408597588539124,0.06957782059907913,0.9807161092758179,0.024551760405302048,0.9769567847251892,0.02242664434015751,0.9711549282073975,0.024898001924157143,0.5057181119918823,0.026964465156197548,0.9469338655471802,0.022147011011838913,0.9801173806190491,0.023270998150110245,0.9672888517379761,0.022944709286093712,0.978160560131073,0.02321643754839897,0.6974948048591614,0.048100441694259644,0.9776216745376587,0.025311307981610298,0.9818999171257019,0.0236579030752182,0.9698317646980286,0.0226944200694561,0.9696126580238342,0.023230088874697685,0.9802272319793701,0.021888867020606995,0.9702117443084717,0.024234024807810783,0.9814523458480835,0.022978520020842552,0.9819005727767944,0.02249506115913391,0.979311466217041,0.021868612617254257,0.9745924472808838,0.022813154384493828,0.9766862988471985,0.023073945194482803,0.8702832460403442,0.03774992376565933,0.9829050302505493,0.023362699896097183,0.9795241951942444,0.023892028257250786,0.9223315715789795,0.0271628275513649,0.9765796065330505,0.025172078981995583,0.9727615714073181,0.024776916950941086,0.9282414317131042,0.029926039278507233,0.9801440238952637,0.022084474563598633,0.41273173689842224,0.03506056219339371,0.9644241333007812,0.023601271212100983,0.9764186143875122,0.0211571604013443,0.9741191267967224,0.021755928173661232,0.9705265164375305,0.023088643327355385
0.8999999999999999,20.772506703700085,15.585567655339679,5.186939037176591,0.5005695223808289,0.04193571209907532,0.622789204120636,0.0606205128133297,0.9876567125320435,0.02138660103082657,0.948535144329071,0.026429105550050735,0.9883347153663635,0.022972779348492622,0.9850884079933167,0.020841842517256737,0.9873376488685608,0.023188963532447815,0.9903997778892517,0.022663423791527748,0.9799397587776184,0.02305162139236927,0.9783825278282166,0.0229055043309927,0.9835973978042603,0.022410236299037933,0.98335862159729,0.021894333884119987,0.9870445728302002,0.0218656063079834,0.6367666721343994,0.045292310416698456,0.9875596165657043,0.02215472422540188,0.9765419960021973,0.021519683301448822,0.9854856133460999,0.023666346445679665,0.8995904922485352,0.03328617662191391,0.9865027070045471,0.022936174646019936,0.9867491126060486,0.022383645176887512,0.9888203144073486,0.022713441401720047,0.9818921089172363,0.022473419085144997,0.9875734448432922,0.02372688427567482,0.9871065020561218,0.02273111790418625,0.9727219939231873,0.024104328826069832,0.9685828685760498,0.02273225225508213,0.9877322912216187,0.023079434409737587,0.9720944762229919,0.02565297856926918,0.9841724634170532,0.022286411374807358,0.9815378189086914,0.02391832508146763,0.9881300926208496,0.021601442247629166,0.9841967225074768,0.02266782522201538,0.9838070869445801,0.021992528811097145,0.9909976720809937,0.021097315475344658,0.989575982093811,0.023190200328826904,0.9878988265991211,0.023621540516614914,0.9872371554374695,0.022137457504868507,0.41290274262428284,0.0615873783826828,0.9841732382774353,0.02118736319243908,0.9695841670036316,0.025492610409855843,0.9570988416671753,0.024230284616351128,0.4938790500164032,0.04214250296354294,0.44933557510375977,0.02587912417948246,0.45160871744155884,0.044792722910642624,0.9884054064750671,0.021027758717536926,0.9847285747528076,0.023387962952256203,0.9503385424613953,0.02467808872461319,0.9764673113822937,0.023592235520482063,0.955767035484314,0.02524387091398239,0.9869890809059143,0.024137968197464943,0.9869251847267151,0.022935613989830017,0.9898776412010193,0.023078305646777153,0.9765563607215881,0.02301228977739811,0.9865838289260864,0.02196568064391613,0.9878371357917786,0.023198742419481277,0.9806939363479614,0.022699248045682907,0.9886283278465271,0.02216327376663685,0.9838876724243164,0.023166518658399582,0.9867371916770935,0.022199168801307678,0.9822677969932556,0.023114699870347977,0.9864242076873779,0.02080165408551693,0.9825805425643921,0.021174602210521698,0.985941469669342,0.021731508895754814,0.9852972030639648,0.023142406716942787
1.2,22.30954020567286,17.311322185784768,4.99821800311237,0.9927113652229309,0.02466943860054016,0.993070662021637,0.024242274463176727,0.9917272329330444,0.02470327354967594,0.9856190085411072,0.024134133011102676,0.990785539150238,0.02391282469034195,0.9919087290763855,0.022923544049263,0.9888287782669067,0.025448082014918327,0.7603675127029419,0.055837102234363556,0.9918877482414246,0.023172706365585327,0.9902184009552002,0.023739242926239967,0.9928198456764221,0.024715358391404152,0.9925370812416077,0.02459750324487686,0.6537371873855591,0.04359497129917145,0.9922247529029846,0.025013398379087448,0.9827831387519836,0.02626528963446617,0.992326021194458,0.02442425675690174,0.9910740852355957,0.02388845942914486,0.9869295954704285,0.023642828688025475,0.9918376803398132,0.02603694424033165,0.9928252100944519,0.024300578981637955,0.9928719997406006,0.02493695542216301,0.9892542958259583,0.024575352668762207,0.9929265379905701,0.02460363134741783,0.5186077952384949,0.0425080880522728,0.9926786422729492,0.02377311699092388,0.9923415184020996,0.023616142570972443,0.9922482967376709,0.024706600233912468,0.9928484559059143,0.022853001952171326,0.9753113985061646,0.024623418226838112,0.9892707467079163,0.02412564307451248,0.9914710521697998,0.023731619119644165,0.7668864130973816,0.04830888658761978,0.9936387538909912,0.02295176312327385,0.989773154258728,0.02509889379143715,0.9799140691757202,0.024470560252666473,0.9880884885787964,0.02471732534468174,0.9879218339920044,0.024183835834264755,0.9912156462669373,0.024893296882510185,0.9929254055023193,0.023995747789740562,0.9908437132835388,0.02427748218178749,0.9890663623809814,0.02484278380870819,0.9898175001144409,0.02567104808986187,0.9927031993865967,0.02442575804889202,0.9928373694419861,0.02416367456316948,0.9927300810813904,0.02381047047674656,0.5776867866516113,0.05784469470381737,0.9917061924934387,0.025133654475212097,0.9916729927062988,0.02325178124010563,0.9853365421295166,0.02536764182150364,0.9920990467071533,0.024403909221291542,0.9589824676513672,0.025860540568828583,0.9920889735221863,0.024748222902417183,0.9918230175971985,0.023842858150601387,0.9935210943222046,0.02394852600991726,0.4815463125705719,0.03301824629306793,0.9903245568275452,0.02524835430085659,0.9921848773956299,0.024825319647789,0.9913334846496582,0.022643914446234703,0.9920548796653748,0.02511986531317234,0.9925422072410583,0.022702207788825035,0.4477207064628601,0.06084304675459862,0.991884171962738,0.024091413244605064,0.9930007457733154,0.023488223552703857,0.9914258718490601,0.023673508316278458
1.5,23.493124648706235,19.070015437567413,4.423109199955011,0.9929101467132568,0.02680078335106373,0.9887346625328064,0.0290957260876894,0.989159882068634,0.026804348453879356,0.9861605763435364,0.027665195986628532,0.9931017756462097,0.026852604001760483,0.9950054883956909,0.027220644056797028,0.9898632764816284,0.02807050384581089,0.9889289140701294,0.028276657685637474,0.9806295037269592,0.02810182422399521,0.9940327405929565,0.027280600741505623,0.9935543537139893,0.02846282161772251,0.9936561584472656,0.0291291531175375,0.9916040301322937,0.028480587527155876,0.9942881464958191,0.02878149040043354,0.9838039875030518,0.028371883556246758,0.9927024245262146,0.029379328712821007,0.4621649384498596,0.05460202693939209,0.9943621754646301,0.028185920789837837,0.9926432371139526,0.027262551710009575,0.994288980960846,0.02739347703754902,0.9913457036018372,0.027843724936246872,0.9935827851295471,0.02603897452354431,0.9948558807373047,0.028970608487725258,0.9946654438972473,0.028381088748574257,0.9728279113769531,0.029986431822180748,0.9925777912139893,0.027346279472112656,0.9928595423698425,0.028592348098754883,0.9839044213294983,0.027605971321463585,0.9896669387817383,0.024397889152169228,0.9941138625144958,0.027789942920207977,0.991077721118927,0.0266119372099638,0.988736629486084,0.02899802289903164,0.9911355376243591,0.02850298210978508,0.990635335445404,0.027357006445527077,0.8053463697433472,0.04810437187552452,0.9944722652435303,0.027394233271479607,0.9936466813087463,0.028937067836523056,0.991758406162262,0.028202883899211884,0.993882954120636,0.027673713862895966,0.992784321308136,0.029114125296473503,0.9872305393218994,0.02743351273238659,0.9720013737678528,0.025843152776360512,0.9906838536262512,0.027824390679597855,0.9898514747619629,0.027591079473495483,0.9939872622489929,0.0288594551384449,0.9935336112976074,0.029330728575587273,0.995194673538208,0.0280595775693655,0.9900824427604675,0.026748158037662506,0.9927067160606384,0.02746601216495037,0.9942727088928223,0.02856580913066864,0.9888991117477417,0.027763862162828445,0.9936543107032776,0.02704326994717121,0.9948025941848755,0.027591433376073837,0.9939094185829163,0.02978244051337242,0.993964672088623,0.027966253459453583,0.9939135909080505,0.027192367240786552,0.9924782514572144,0.026346834376454353,0.990903913974762,0.029982469975948334,0.9772679209709167,0.028347771614789963,0.5297749042510986,0.028417939320206642,0.7242556810379028,0.07134712487459183,0.9915745854377747,0.029173314571380615,0.575905978679657,0.03751388192176819,0.9936286211013794,0.028269411996006966
1.7999999999999998,24.409839353581734,20.503956571062492,3.905882802345097,0.9926933646202087,0.02706163562834263,0.9929846525192261,0.026086153462529182,0.992741584777832,0.026080721989274025,0.9931257963180542,0.026510968804359436,0.9937739372253418,0.025832850486040115,0.9958136081695557,0.026533206924796104,0.9812389612197876,0.026657436043024063,0.9880852699279785,0.027224276214838028,0.9958000779151917,0.02661525271832943,0.6022358536720276,0.03723355755209923,0.9925041794776917,0.025995155796408653,0.9914246797561646,0.026854585856199265,0.9837781190872192,0.024896396324038506,0.993528425693512,0.02501864917576313,0.9942523837089539,0.02638925053179264,0.9900521636009216,0.026318345218896866,0.9851757287979126,0.026369038969278336,0.9915743470191956,0.025569844990968704,0.9145627021789551,0.02103758417069912,0.9953654408454895,0.025676434859633446,0.9962283372879028,0.025979289785027504,0.9943311214447021,0.027269432321190834,0.9861395359039307,0.02624516561627388,0.9940487742424011,0.02651057206094265,0.9960775375366211,0.02681347168982029,0.9923933744430542,0.02779325842857361,0.9922060966491699,0.02483518235385418,0.9883418679237366,0.02719825692474842,0.9951777458190918,0.026303431019186974,0.9581598043441772,0.02450515516102314,0.9957882761955261,0.025348540395498276,0.9959916472434998,0.026588691398501396,0.9829263687133789,0.027135444805026054,0.9948217272758484,0.02604084089398384,0.9804781675338745,0.026038987562060356,0.99601811170578,0.0250747911632061,0.9939796328544617,0.027240583673119545,0.9935851693153381,0.026836177334189415,0.9940792322158813,0.02529972419142723,0.980629026889801,0.027179868891835213,0.9958568215370178,0.0245483610779047,0.9841011166572571,0.02738765999674797,0.9946304559707642,0.026933742687106133,0.516339898109436,0.043854355812072754,0.9900955557823181,0.026105599477887154,0.995659351348877,0.02683856524527073,0.9917860627174377,0.02717488259077072,0.985104501247406,0.02559104561805725,0.9932785630226135,0.02571338415145874,0.9884257912635803,0.02665211632847786,0.9960153102874756,0.02633052133023739,0.9922642111778259,0.026796508580446243,0.9931401014328003,0.0249947402626276,0.9960774779319763,0.02647734433412552,0.9887517690658569,0.026263892650604248,0.9743567705154419,0.02755381353199482,0.9964165091514587,0.026462024077773094,0.9900789260864258,0.02527751214802265,0.9909539818763733,0.025427568703889847,0.9962533712387085,0.02616671472787857,0.9961516857147217,0.02751152403652668,0.9955630302429199,0.028267577290534973,0.994948148727417,0.02632405050098896,0.6353381276130676,0.0405474491417408
2.1,25.01063324088481,21.420973694400747,3.5896595441964645,0.9969871044158936,0.023711824789643288,0.995550274848938,0.024767549708485603,0.9948634505271912,0.02386818639934063,0.994199812412262,0.023461932316422462,0.9970557689666748,0.025881608948111534,0.9966177940368652,0.024009136483073235,0.7306258082389832,0.02808186411857605,0.9953112006187439,0.02422122098505497,0.9956318736076355,0.02426726743578911,0.9971392750740051,0.02380853332579136,0.9889124631881714,0.024138227105140686,0.9971721172332764,0.022514954209327698,0.9963709115982056,0.023591872304677963,0.9963688254356384,0.023342924192547798,0.9966288805007935,0.024318423122167587,0.9960662722587585,0.024378810077905655,0.9914655089378357,0.023629406467080116,0.9908764362335205,0.024128392338752747,0.9962756037712097,0.02527760900557041,0.9882005453109741,0.022637097164988518,0.9960960745811462,0.023907942697405815,0.9847235679626465,0.024237867444753647,0.9970090389251709,0.02329842932522297,0.9969407916069031,0.024465663358569145,0.9967714548110962,0.0235990472137928,0.9952952265739441,0.02508263848721981,0.9937718510627747,0.024640435352921486,0.9961116313934326,0.023324988782405853,0.9968775510787964,0.025642404332756996,0.9968125224113464,0.022924216464161873,0.9951615333557129,0.024199124425649643,0.9956392049789429,0.025050951167941093,0.9922835230827332,0.023093486204743385,0.996809184551239,0.024445917457342148,0.9963510036468506,0.023573225364089012,0.9968979358673096,0.024666830897331238,0.9968258738517761,0.022928595542907715,0.9950013756752014,0.023485589772462845,0.9955793619155884,0.024001052603125572,0.7360981106758118,0.04149305820465088,0.9915761947631836,0.023703334853053093,0.9963214993476868,0.02343416027724743,0.9960124492645264,0.02547813393175602,0.9971503019332886,0.024236559867858887,0.9974187016487122,0.02344915270805359,0.9933021664619446,0.023710841313004494,0.9920775294303894,0.023622896522283554,0.5551265478134155,0.05223207548260689,0.9969174861907959,0.024111052975058556,0.9961729645729065,0.023761413991451263,0.7673059105873108,0.043731287121772766,0.9867293238639832,0.023668143898248672,0.9894018173217773,0.024362729862332344,0.9967052936553955,0.023665815591812134,0.9971420764923096,0.022923801094293594,0.9966561794281006,0.02314404956996441,0.9968279004096985,0.024973945692181587,0.9952936172485352,0.02443850412964821,0.9951569437980652,0.02426876500248909,0.9950058460235596,0.023707037791609764,0.9960521459579468,0.02424669824540615,0.9956501126289368,0.023991184309124947,0.9967361092567444,0.023354746401309967,0.9956647157669067,0.024221431463956833
2.4,25.55055258574008,22.84276206254451,2.7077905407338254,0.9969138503074646,0.021374866366386414,0.9967473745346069,0.02320695109665394,0.995676577091217,0.022391926497220993,0.9964666962623596,0.02423694357275963,0.996768593788147,0.02332155779004097,0.9973366260528564,0.02303687110543251,0.9957975149154663,0.022580763325095177,0.99448561668396,0.024203142151236534,0.9962970614433289,0.023270899429917336,0.9974068403244019,0.02429790236055851,0.9965651035308838,0.024305928498506546,0.997105062007904,0.022019222378730774,0.9967676997184753,0.023218901827931404,0.9970700144767761,0.02307567559182644,0.9971282482147217,0.024012822657823563,0.9973967671394348,0.023867854848504066,0.9961829781532288,0.022831905633211136,0.9948980212211609,0.022641770541667938,0.9950353503227234,0.0228717103600502,0.997296154499054,0.023401634767651558,0.9934291839599609,0.02341056615114212,0.9975258708000183,0.024011394008994102,0.9974871873855591,0.023154670372605324,0.9975619316101074,0.024544289335608482,0.8967950940132141,0.025630027055740356,0.9951893091201782,0.02394200675189495,0.995290994644165,0.021107928827404976,0.9971216320991516,0.02315390482544899,0.9973332285881042,0.023961294442415237,0.9966595768928528,0.022689178586006165,0.9928628206253052,0.02189171314239502,0.9817343354225159,0.02330683171749115,0.9962859153747559,0.02221098355948925,0.9941756725311279,0.024614708498120308,0.9970839619636536,0.024054327979683876,0.9936267733573914,0.022674601525068283,0.9971096515655518,0.023509271442890167,0.995973527431488,0.022675754502415657,0.9956989288330078,0.02394697815179825,0.6120709776878357,0.03930603712797165,0.9972856640815735,0.023620272055268288,0.9919623136520386,0.024317055940628052,0.9966153502464294,0.023238705471158028,0.996319055557251,0.024567754939198494,0.996756374835968,0.0234985314309597,0.9934586882591248,0.022007621824741364,0.9972714781761169,0.023831825703382492,0.993216335773468,0.022680798545479774,0.9973129034042358,0.022754965350031853,0.9955672025680542,0.023411912843585014,0.9973241090774536,0.023612823337316513,0.9970794916152954,0.023574918508529663,0.9960907697677612,0.023205822333693504,0.9969516396522522,0.023169295862317085,0.98164302110672,0.02358715422451496,0.9957974553108215,0.022337665781378746,0.9964454174041748,0.0228520967066288,0.995572566986084,0.023054130375385284,0.9965788125991821,0.023442963138222694,0.9959543347358704,0.023220699280500412,0.9958890676498413,0.02294246293604374,0.9479271769523621,0.023073924705386162,0.9970932006835938,0.02407258190214634,0.7609418034553528,0.034725338220596313
2.6999999999999997,25.94223204858776,23.947214415332656,1.9950176524455105,0.9702335000038147,0.02083585038781166,0.9958801865577698,0.02280324511229992,0.6451778411865234,0.05235602334141731,0.9975975751876831,0.02222982421517372,0.9973602294921875,0.02191845327615738,0.9952536225318909,0.02061031572520733,0.9959613084793091,0.02187890000641346,0.9978252649307251,0.02191629447042942,0.9960610270500183,0.022189205512404442,0.9927672743797302,0.02185618132352829,0.9964536428451538,0.020778970792889595,0.9966146945953369,0.021453125402331352,0.9962886571884155,0.020823990926146507,0.9966102838516235,0.02017190493643284,0.996591329574585,0.021965106949210167,0.9961307048797607,0.020879995077848434,0.9974566698074341,0.022088315337896347,0.9976630210876465,0.021716447547078133,0.9962865114212036,0.02022695355117321,0.9975811839103699,0.021674571558833122,0.9886062741279602,0.020722778514027596,0.9980042576789856,0.021096065640449524,0.990872323513031,0.021053140982985497,0.9977523684501648,0.022341417148709297,0.9975186586380005,0.020859364420175552,0.9962795972824097,0.02282394841313362,0.9856557250022888,0.022665569558739662,0.9959504008293152,0.022455748170614243,0.9972926378250122,0.020579878240823746,0.997200608253479,0.021720323711633682,0.9876685738563538,0.021726807579398155,0.986652135848999,0.021076340228319168,0.9962280988693237,0.02232752926647663,0.9977203011512756,0.022365441545844078,0.997982382774353,0.02157735452055931,0.992832601070404,0.022298581898212433,0.995836615562439,0.021088287234306335,0.9945518374443054,0.022362807765603065,0.9978376030921936,0.02288885973393917,0.9974784255027771,0.021335652098059654,0.9964731931686401,0.0221848301589489,0.9949867129325867,0.02158287726342678,0.9953666925430298,0.02187107875943184,0.994632363319397,0.022688107565045357,0.9962287545204163,0.0234146099537611,0.9920746684074402,0.022233683615922928,0.9944653511047363,0.021198846399784088,0.9973456263542175,0.02093462273478508,0.9830329418182373,0.0209792647510767,0.9947523474693298,0.02200116030871868,0.9948809146881104,0.022399064153432846,0.9901831150054932,0.0213115606456995,0.9830525517463684,0.02278928831219673,0.9866461753845215,0.02108542062342167,0.9945886135101318,0.021968189626932144,0.9979339241981506,0.021617181599140167,0.9926638007164001,0.021658558398485184,0.9980553984642029,0.022801853716373444,0.9971503019332886,0.022450415417551994,0.9975197315216064,0.020921194925904274,0.9909884929656982,0.021704407408833504,0.9921981692314148,0.022675881162285805,0.9968346357345581,0.021560490131378174,0.9930014610290527,0.021778542548418045
3.0,26.17220138435933,24.414246018253156,1.7579553451365246,0.9905969500541687,0.02065037004649639,0.9983702898025513,0.020717736333608627,0.9981755614280701,0.020603956654667854,0.9958618879318237,0.02046857960522175,0.9983441233634949,0.02066318318247795,0.997333824634552,0.019991710782051086,0.9944841265678406,0.02033299021422863,0.9975635409355164,0.020974893122911453,0.994882345199585,0.020043939352035522,0.9977320432662964,0.01956106536090374,0.9981691241264343,0.02117837592959404,0.9979053139686584,0.020404787734150887,0.9973582625389099,0.02044730633497238,0.9976769089698792,0.019645456224679947,0.9982762932777405,0.020181013271212578,0.997448742389679,0.01988300494849682,0.9966750741004944,0.020553862676024437,0.9983007907867432,0.02010195329785347,0.998259961605072,0.02089722268283367,0.9980712532997131,0.020674530416727066,0.9978978037834167,0.01983777992427349,0.9978572130203247,0.020004838705062866,0.9982425570487976,0.020156439393758774,0.9973801374435425,0.02014927938580513,0.9979454874992371,0.019737357273697853,0.9978789687156677,0.01897619105875492,0.998513400554657,0.02072271518409252,0.9984055757522583,0.01972190849483013,0.9981073141098022,0.020219622179865837,0.9977836608886719,0.019304905086755753,0.9931685924530029,0.020250940695405006,0.9976969361305237,0.019035890698432922,0.9979997277259827,0.019526008516550064,0.9976019263267517,0.019138028845191002,0.9959118962287903,0.020602019503712654,0.9979663491249084,0.019444623962044716,0.9978018999099731,0.020745929330587387,0.9968935251235962,0.020284678786993027,0.9971081614494324,0.020511703565716743,0.9965764284133911,0.01966451108455658,0.9972667694091797,0.020627029240131378,0.9978514313697815,0.020216617733240128,0.8464226126670837,0.016294507309794426,0.7402918338775635,0.04570018872618675,0.9977287650108337,0.020590579137206078,0.9946114420890808,0.020524892956018448,0.9974063634872437,0.02082323282957077,0.9979978799819946,0.02037963457405567,0.9980252385139465,0.01997351087629795,0.9978275299072266,0.02073197066783905,0.9978817701339722,0.019070221111178398,0.9971421360969543,0.021079624071717262,0.9967840909957886,0.019883999601006508,0.9954636096954346,0.019496114924550056,0.9970501661300659,0.021134987473487854,0.9964544773101807,0.020170867443084717,0.9985843896865845,0.01968909054994583,0.9977759718894958,0.019038274884223938,0.9982860088348389,0.019711323082447052,0.9977313876152039,0.01932736299932003,0.9942721724510193,0.01923571154475212,0.9981264472007751,0.019809333607554436,0.9971445798873901,0.019151100888848305,0.9979372024536133,0.020560696721076965
3.3,26.426090531257678,25.37906557258004,1.0470249622361238,0.9972632527351379,0.01836996339261532,0.9979885816574097,0.018175408244132996,0.9927847385406494,0.018532492220401764,0.9976990818977356,0.018723590299487114,0.9975839853286743,0.019066395238041878,0.9971868395805359,0.01964227296411991,0.994840145111084,0.018627818673849106,0.9987092018127441,0.017732448875904083,0.9982942342758179,0.01777186430990696,0.9986008405685425,0.01917221210896969,0.9981370568275452,0.01834389939904213,0.99839186668396,0.018986959010362625,0.8545613288879395,0.016048673540353775,0.9855864644050598,0.01759582944214344,0.9982258081436157,0.01898745633661747,0.9969114661216736,0.01851181499660015,0.9982559680938721,0.018725136294960976,0.9977726340293884,0.018044468015432358,0.9971986413002014,0.018887197598814964,0.9979342818260193,0.018986597657203674,0.9953291416168213,0.018667759373784065,0.9980696439743042,0.01785079389810562,0.9937613010406494,0.01896512508392334,0.9976884126663208,0.018884357064962387,0.9978844523429871,0.019685503095388412,0.9956525564193726,0.01815839484333992,0.9982720613479614,0.01810288056731224,0.9974415898323059,0.018603680655360222,0.9978246092796326,0.019443528726696968,0.9951122999191284,0.018288394436240196,0.9976345896720886,0.018119821324944496,0.9983778595924377,0.018690967932343483,0.9980835318565369,0.018964068964123726,0.9981491565704346,0.01936192624270916,0.9985652565956116,0.01917598582804203,0.9702541828155518,0.01778731867671013,0.9978846907615662,0.019526246935129166,0.9967499375343323,0.018855320289731026,0.9981532692909241,0.01850205287337303,0.9975760579109192,0.018306761980056763,0.9972995519638062,0.01885739341378212,0.9981014728546143,0.018406931310892105,0.9944460391998291,0.018697189167141914,0.9924169778823853,0.017586473375558853,0.9971413016319275,0.017862500622868538,0.9964331984519958,0.019075460731983185,0.9982882142066956,0.01902753859758377,0.9981256127357483,0.018282676115632057,0.99825519323349,0.0188215970993042,0.9982060790061951,0.019558429718017578,0.9971027374267578,0.0189537201076746,0.9982411861419678,0.01966414973139763,0.9982254505157471,0.01890716142952442,0.9965159893035889,0.01831194758415222,0.9927512407302856,0.018164779990911484,0.9980667233467102,0.018415696918964386,0.9978992342948914,0.018756726756691933,0.9968351721763611,0.018841750919818878,0.9977160096168518,0.01849593035876751,0.9975746870040894,0.018438827246427536,0.9976521730422974,0.01811334304511547,0.9974901676177979,0.018135519698262215,0.9948390126228333,0.019132666289806366,0.998555064201355,0.01844259351491928
3.5999999999999996,26.467438742550197,25.49777004917039,0.9696686967476599,0.9985293745994568,0.01672029308974743,0.998638927936554,0.017921291291713715,0.9985191226005554,0.01679374650120735,0.9985328912734985,0.01696699671447277,0.9980712532997131,0.01630694419145584,0.9979601502418518,0.016384268179535866,0.9984534382820129,0.017469007521867752,0.9981748461723328,0.01631266251206398,0.9987633228302002,0.017944443970918655,0.9983808398246765,0.016462966799736023,0.998307466506958,0.017244774848222733,0.9985746145248413,0.016450537368655205,0.9983221292495728,0.017015695571899414,0.998539924621582,0.01685555838048458,0.9986161589622498,0.01740471087396145,0.9986487627029419,0.017371531575918198,0.9960418343544006,0.017307065427303314,0.9986013174057007,0.01774081401526928,0.9987853765487671,0.017100276425480843,0.9987552165985107,0.01651599258184433,0.9986221194267273,0.016789399087429047,0.9989386200904846,0.01695103757083416,0.9986172318458557,0.01690221019089222,0.9976321458816528,0.016993287950754166,0.9984366297721863,0.01741645485162735,0.9984024167060852,0.01745729334652424,0.998768150806427,0.01663120649755001,0.9983539581298828,0.017607904970645905,0.9985376596450806,0.016858583316206932,0.9985311627388,0.01732797361910343,0.9976811408996582,0.017098991200327873,0.9980931282043457,0.016107385978102684,0.9987403750419617,0.016533685848116875,0.9981756806373596,0.01675419695675373,0.9965059161186218,0.017783232033252716,0.9932729005813599,0.01670565828680992,0.9982925057411194,0.017979318276047707,0.9981993436813354,0.01793058030307293,0.9983254671096802,0.016796354204416275,0.9984719157218933,0.01750580035150051,0.9970800280570984,0.017247185111045837,0.9984616041183472,0.016171783208847046,0.9978607296943665,0.017409997060894966,0.9986190795898438,0.01740819588303566,0.9980373978614807,0.016947738826274872,0.9979380369186401,0.01675894670188427,0.9986189603805542,0.01777510903775692,0.9977373480796814,0.016867494210600853,0.9985886812210083,0.0180350374430418,0.996816873550415,0.01719016209244728,0.9974990487098694,0.01676293835043907,0.9967446327209473,0.016523083671927452,0.997419536113739,0.016854126006364822,0.9977567791938782,0.016500050202012062,0.9985235929489136,0.017033318057656288,0.9980692267417908,0.016877008602023125,0.9987472295761108,0.016979489475488663,0.9984237551689148,0.01589042693376541,0.9980751872062683,0.016387436538934708,0.8178685903549194,0.024544725194573402,0.9986481070518494,0.016790959984064102,0.9967772364616394,0.016113899648189545,0.9985876083374023,0.017033951357007027,0.9985812306404114,0.017034664750099182
3.9,26.544564745319423,25.809817283646638,0.7347475086320946,0.9987685084342957,0.01588786393404007,0.9964118599891663,0.015527831390500069,0.998711347579956,0.01664162054657936,0.9989882111549377,0.016177048906683922,0.9984588623046875,0.015628745779395103,0.9988364577293396,0.016331342980265617,0.9988101720809937,0.01572388969361782,0.9984222650527954,0.015875117853283882,0.9988079071044922,0.016292612999677658,0.9981600642204285,0.015926798805594444,0.9987752437591553,0.01594541408121586,0.9988442659378052,0.015513570047914982,0.9986384510993958,0.016412632539868355,0.9976064562797546,0.016072241589426994,0.9984258413314819,0.015105881728231907,0.9986299276351929,0.015901273116469383,0.9982891082763672,0.01639413647353649,0.998612642288208,0.015889527276158333,0.9986210465431213,0.016086457297205925,0.9983810782432556,0.016171958297491074,0.9984788298606873,0.015309584327042103,0.9982355833053589,0.015586563386023045,0.9981836676597595,0.015617690980434418,0.9985113143920898,0.01602303795516491,0.9984610080718994,0.015897057950496674,0.9984754323959351,0.016029220074415207,0.9985176920890808,0.016003038734197617,0.998624324798584,0.01565837301313877,0.9987441301345825,0.015387590043246746,0.9984240531921387,0.01545356959104538,0.9987084865570068,0.015598485246300697,0.9984622597694397,0.015301523730158806,0.9985621571540833,0.016257600858807564,0.9974846243858337,0.01567281410098076,0.9984886646270752,0.01559846568852663,0.9985926151275635,0.01580076664686203,0.9976959824562073,0.016004519537091255,0.998601496219635,0.015600691549479961,0.9986358284950256,0.01658872701227665,0.9984433054924011,0.01565694250166416,0.9988245964050293,0.014971835538744926,0.9987096190452576,0.015024791471660137,0.998620331287384,0.015468663536012173,0.9986259341239929,0.015888206660747528,0.9985694289207458,0.016602078452706337,0.9988901615142822,0.016813013702630997,0.8675897121429443,0.015534472651779652,0.998349666595459,0.01613798178732395,0.998802125453949,0.01558078546077013,0.9986942410469055,0.015730075538158417,0.9986598491668701,0.015987681224942207,0.9985591769218445,0.01607665978372097,0.9985957741737366,0.016044482588768005,0.9985113143920898,0.01582913100719452,0.9983570575714111,0.016331806778907776,0.9977728128433228,0.015669481828808784,0.9985606670379639,0.01596158556640148,0.9984358549118042,0.016230186447501183,0.9986690282821655,0.015536011196672916,0.9987578392028809,0.015468131750822067,0.9988580942153931,0.015620842576026917,0.9988560080528259,0.015566801652312279,0.9987162947654724,0.015675652772188187,0.9985874891281128,0.015988752245903015
4.2,26.632603539586828,26.2407868960773,0.3918166679423501,0.9962708950042725,0.016091644763946533,0.9961569905281067,0.015388241969048977,0.9986781477928162,0.01669696904718876,0.9932833909988403,0.016416218131780624,0.9973482489585876,0.01627005822956562,0.9985610246658325,0.015944940969347954,0.9987770318984985,0.015181010589003563,0.9987289905548096,0.015958260744810104,0.9988753795623779,0.0162943284958601,0.9967995285987854,0.014622027985751629,0.9973767995834351,0.015121090225875378,0.9987304210662842,0.015563243068754673,0.9986245632171631,0.015976065769791603,0.9967414140701294,0.015180050395429134,0.9973083734512329,0.015964534133672714,0.9989776611328125,0.015521197579801083,0.9950874447822571,0.015070078894495964,0.9978447556495667,0.015608551912009716,0.99789959192276,0.01483665406703949,0.9987187385559082,0.01592973619699478,0.9983928203582764,0.016329851001501083,0.9981489181518555,0.016946561634540558,0.9976630806922913,0.01581210270524025,0.9986016750335693,0.016432810574769974,0.992906391620636,0.016429444774985313,0.9988487362861633,0.015573279932141304,0.9969782829284668,0.015410871244966984,0.9990072846412659,0.015603525564074516,0.9986676573753357,0.01587006077170372,0.9986380934715271,0.016231106594204903,0.9988663196563721,0.015677601099014282,0.994853138923645,0.01657850667834282,0.9989131093025208,0.016120215877890587,0.9990215301513672,0.01608571968972683,0.9987478256225586,0.015390009619295597,0.9984103441238403,0.015740279108285904,0.9986749887466431,0.016088180243968964,0.998428463935852,0.014882580377161503,0.9989842176437378,0.015482989139854908,0.9987075924873352,0.015490193851292133,0.998801589012146,0.01563447341322899,0.9957910180091858,0.015506729483604431,0.9980018138885498,0.015780091285705566,0.9983278512954712,0.014225494116544724,0.9990357160568237,0.01574242301285267,0.9983723759651184,0.015554613433778286,0.998236894607544,0.015518235974013805,0.9987227320671082,0.015451304614543915,0.99760502576828,0.01603045128285885,0.9960492253303528,0.01583668775856495,0.9988646507263184,0.015478505752980709,0.9987143874168396,0.016005096957087517,0.997113823890686,0.015230865217745304,0.9988369345664978,0.015958184376358986,0.9990357160568237,0.014811156317591667,0.9991050362586975,0.015328094363212585,0.9984205961227417,0.016574228182435036,0.9944313764572144,0.016261814162135124,0.9990127682685852,0.015318899415433407,0.9988486766815186,0.015457556582987309,0.9931312203407288,0.015959473326802254,0.9979010820388794,0.015316284261643887,0.9990238547325134,0.015844838693737984,0.9981579184532166,0.015522713772952557
4.5,26.62732307743162,26.349179595264037,0.27814347163509967,0.999053955078125,0.014799789525568485,0.9972996711730957,0.015201322734355927,0.9987915754318237,0.014887883327901363,0.9988946318626404,0.014790669083595276,0.9988365173339844,0.015211878344416618,0.9981123805046082,0.014317978173494339,0.9988821148872375,0.015170435421168804,0.998948335647583,0.015347748063504696,0.9990142583847046,0.014778941869735718,0.9987668991088867,0.014643431641161442,0.9982553124427795,0.015449507161974907,0.9991292953491211,0.015274843201041222,0.9929243922233582,0.015568571165204048,0.9985030889511108,0.014781088568270206,0.9989648461341858,0.01489950343966484,0.9981409907341003,0.014465403743088245,0.9976303577423096,0.015227281488478184,0.9976524114608765,0.015097200870513916,0.9989133477210999,0.015609560534358025,0.9989647269248962,0.013939324766397476,0.9980947375297546,0.01516014989465475,0.9986038208007812,0.015207024291157722,0.9989078044891357,0.014241060242056847,0.9988139271736145,0.015977395698428154,0.9990348815917969,0.01448026578873396,0.9983854293823242,0.015074087306857109,0.9987272024154663,0.015010884031653404,0.9965652823448181,0.01425135601311922,0.9973252415657043,0.014169135130941868,0.998507559299469,0.015054143965244293,0.9984378814697266,0.014928438700735569,0.9980477094650269,0.015150939114391804,0.9990236163139343,0.014149495400488377,0.997815728187561,0.015415153466165066,0.9991070032119751,0.01473576482385397,0.9986557960510254,0.014627516269683838,0.9989940524101257,0.015138156712055206,0.9988580346107483,0.014498716220259666,0.9990243315696716,0.01434460747987032,0.9984192848205566,0.015178103931248188,0.9987276792526245,0.014085296541452408,0.9986574053764343,0.015251051634550095,0.9989362359046936,0.014965345151722431,0.9981977939605713,0.01504792831838131,0.9985573291778564,0.014962160028517246,0.9987197518348694,0.014825484715402126,0.9964419007301331,0.014802089892327785,0.9986895322799683,0.015229987911880016,0.998846173286438,0.01574474386870861,0.9983230829238892,0.01494394801557064,0.9984340667724609,0.015471816062927246,0.9984911680221558,0.01499990001320839,0.9983460903167725,0.014705667272210121,0.9964115619659424,0.015035277232527733,0.9990050792694092,0.015443211421370506,0.9987871050834656,0.014602582901716232,0.9983773827552795,0.014395666308701038,0.9989171624183655,0.015572885982692242,0.9979389309883118,0.01533876359462738,0.998228907585144,0.014687661081552505,0.998968243598938,0.014889908023178577,0.9988744854927063,0.01462792418897152,0.9972524642944336,0.01576549932360649,0.9990186095237732,0.01457493007183075
4.8,26.653445408542527,26.489231207223334,0.16421422795223783,0.9987910389900208,0.014452728442847729,0.9991222023963928,0.014181437902152538,0.9991549253463745,0.014108598232269287,0.9989822506904602,0.014274803921580315,0.9987204670906067,0.013893713243305683,0.9989621043205261,0.014585253782570362,0.9988760352134705,0.01497417502105236,0.9990178942680359,0.0141052957624197,0.9986122250556946,0.014272156171500683,0.9988019466400146,0.013549606315791607,0.9987891316413879,0.014665381982922554,0.9991170763969421,0.014319762587547302,0.9991641044616699,0.01414416916668415,0.9991069436073303,0.014472875744104385,0.9989861845970154,0.01433657854795456,0.9989332556724548,0.013842007145285606,0.9991278648376465,0.014249552972614765,0.9991133213043213,0.014982949011027813,0.9983657598495483,0.014231635257601738,0.9984210133552551,0.014439750462770462,0.9988338947296143,0.014943190850317478,0.9990271925926208,0.014248688705265522,0.9989960789680481,0.014880675822496414,0.9990237355232239,0.014409835450351238,0.9988026022911072,0.014825074002146721,0.9990309476852417,0.014318147674202919,0.9977637529373169,0.0138392373919487,0.9988402128219604,0.0144411725923419,0.9990593791007996,0.014808433130383492,0.9990248084068298,0.01422679703682661,0.9990841746330261,0.014097333885729313,0.9990962147712708,0.014816838316619396,0.9990604519844055,0.01394124049693346,0.9989396929740906,0.013729890808463097,0.9990450143814087,0.014249983243644238,0.9988974332809448,0.01432375144213438,0.9976616501808167,0.014147112146019936,0.9990862607955933,0.014914538711309433,0.9989975094795227,0.013032864779233932,0.9988972544670105,0.014652964659035206,0.99811190366745,0.014891226775944233,0.9990992546081543,0.014103592373430729,0.9990711808204651,0.013998414389789104,0.9988511800765991,0.014719344675540924,0.9991356730461121,0.01419303473085165,0.9990885257720947,0.014300220645964146,0.9987597465515137,0.01495101023465395,0.999095618724823,0.014339308254420757,0.9991223216056824,0.01450174581259489,0.9980463981628418,0.014179711230099201,0.9991099238395691,0.014340723864734173,0.9987809062004089,0.014376086182892323,0.9982268810272217,0.01427474431693554,0.9958654046058655,0.014547794125974178,0.9990654587745667,0.013774378225207329,0.9991961121559143,0.014627138152718544,0.9987345337867737,0.014573045074939728,0.9986608028411865,0.0147123783826828,0.9990391135215759,0.013884161598980427,0.9989435076713562,0.01417967863380909,0.9988412857055664,0.014559764415025711,0.9990726113319397,0.01399119570851326,0.9990448951721191,0.014573995023965836,0.9990361928939819,0.014295192435383797
5.1,26.66337441483032,26.553180684412975,0.11019369815267734,0.9991273880004883,0.013995995745062828,0.9991817474365234,0.013710344210267067,0.999211311340332,0.013084839098155499,0.9992924928665161,0.013893715105950832,0.9991601705551147,0.013088133186101913,0.9991073608398438,0.013933598063886166,0.9992423057556152,0.013390205800533295,0.9992074966430664,0.0144069017842412,0.9991329312324524,0.01327280793339014,0.9990794062614441,0.013472583144903183,0.9991342425346375,0.013677689246833324,0.9988866448402405,0.013129020109772682,0.9992533922195435,0.013464574702084064,0.9990493655204773,0.013455206528306007,0.9989809393882751,0.013882496394217014,0.9992729425430298,0.013518272899091244,0.9991768598556519,0.013084805570542812,0.9991779327392578,0.014002381823956966,0.9991135597229004,0.013671339489519596,0.9993381500244141,0.014025133103132248,0.9990524053573608,0.013409237377345562,0.9992250800132751,0.013646851293742657,0.9991075992584229,0.013698883354663849,0.9991680979728699,0.013786538504064083,0.999203622341156,0.013512583449482918,0.9990190267562866,0.013435632921755314,0.9991556406021118,0.013109199702739716,0.9989947080612183,0.013514387421309948,0.9987999200820923,0.014218482188880444,0.9990599155426025,0.013336535543203354,0.9984031915664673,0.013714020140469074,0.9991502165794373,0.014296870678663254,0.9991576671600342,0.013829952105879784,0.998792827129364,0.0134135652333498,0.9989197254180908,0.014079504646360874,0.9990793466567993,0.013333222828805447,0.9987865686416626,0.013009968213737011,0.9992230534553528,0.013488584198057652,0.9990642666816711,0.01337419543415308,0.9991085529327393,0.0142164072021842,0.9991428256034851,0.013195625506341457,0.9990861415863037,0.013813747093081474,0.9989851713180542,0.013559280894696712,0.9989692568778992,0.013303910382091999,0.999099612236023,0.01393187791109085,0.9990136623382568,0.013332787901163101,0.999177098274231,0.013305396772921085,0.9987502694129944,0.014097265899181366,0.9990938305854797,0.013350693508982658,0.9990987777709961,0.0140291852876544,0.9990186095237732,0.013841239735484123,0.9988638162612915,0.013519140891730785,0.9990794658660889,0.013996048830449581,0.999083399772644,0.013869447633624077,0.9987790584564209,0.01343202032148838,0.9991623759269714,0.01368288416415453,0.9990969896316528,0.013528654351830482,0.9989564418792725,0.013316319324076176,0.9990658760070801,0.014181162230670452,0.9990018010139465,0.013855324126780033,0.9991071224212646,0.013862327672541142,0.9991467595100403,0.013191433623433113,0.9989184737205505,0.013296982273459435,0.9989657998085022,0.013501863926649094
5.3999999999999995,26.66624130623173,26.57384519841371,0.09239612174218398,0.9988924264907837,0.01299943309277296,0.999223530292511,0.01308128610253334,0.9992047548294067,0.01312943734228611,0.9990974068641663,0.012564350850880146,0.9991188645362854,0.012788000516593456,0.9992892146110535,0.012408175505697727,0.9992284774780273,0.013169502839446068,0.9993588328361511,0.013061657547950745,0.999326765537262,0.012849004939198494,0.9990720748901367,0.012718087993562222,0.9991304874420166,0.012469109147787094,0.999232828617096,0.012941211462020874,0.9991866946220398,0.0129541652277112,0.9992085099220276,0.012441856786608696,0.9991239309310913,0.013315839692950249,0.9993841648101807,0.012991677038371563,0.9990286231040955,0.012420129030942917,0.9991955161094666,0.012987392023205757,0.9992407560348511,0.013188592158257961,0.9992623329162598,0.013457522727549076,0.9990772008895874,0.012966332957148552,0.9991530179977417,0.012722373940050602,0.9992550015449524,0.012648471631109715,0.9992097616195679,0.012691782787442207,0.9991066455841064,0.012734243646264076,0.9993186593055725,0.01313768234103918,0.9991468191146851,0.012620717287063599,0.9992645978927612,0.01303552184253931,0.9991726279258728,0.013094563968479633,0.9992789030075073,0.013575362972915173,0.9987692832946777,0.012800294905900955,0.999167263507843,0.012772484682500362,0.9990571737289429,0.0130220428109169,0.9992203116416931,0.01241469569504261,0.9991399049758911,0.013086220249533653,0.999274492263794,0.01260299887508154,0.9990884065628052,0.012960987165570259,0.999144971370697,0.012911270372569561,0.9992513656616211,0.01287041325122118,0.9990612268447876,0.012900365516543388,0.9991718530654907,0.013059151358902454,0.999070942401886,0.013110472820699215,0.9991756081581116,0.012990516610443592,0.9992280602455139,0.012256989255547523,0.9992198348045349,0.012347482144832611,0.9991092085838318,0.012601925060153008,0.9992388486862183,0.01309883501380682,0.9991300106048584,0.012435343116521835,0.9992690682411194,0.012759112752974033,0.9989728331565857,0.013700283132493496,0.999232828617096,0.012652440927922726,0.9992899894714355,0.013098285533487797,0.9992116093635559,0.013278965838253498,0.9993058443069458,0.013446162454783916,0.9990885853767395,0.012870319187641144,0.9987506866455078,0.012739183381199837,0.9992183446884155,0.013190948404371738,0.9992727041244507,0.012662415392696857,0.9990251064300537,0.012841928750276566,0.9991597533226013,0.01189462374895811,0.9991455674171448,0.012530254200100899,0.999305784702301,0.012846414931118488,0.9991039037704468,0.012900895439088345,0.9990873336791992,0.01310060266405344
5.7,26.662485653403472,26.581453626343944,0.0810320169559674,0.9991474151611328,0.012331003323197365,0.9992018342018127,0.012130971997976303,0.9992498755455017,0.012261409312486649,0.9993179440498352,0.01217478048056364,0.9993354678153992,0.012103172019124031,0.9992550015449524,0.01157180406153202,0.9992986917495728,0.011845667846500874,0.9992828965187073,0.012325312942266464,0.9993772506713867,0.01242476049810648,0.9993754625320435,0.01176792848855257,0.9991664290428162,0.011990336701273918,0.999334454536438,0.011721683666110039,0.9992585182189941,0.01219533197581768,0.9991862177848816,0.012420798651874065,0.9991456270217896,0.012398713268339634,0.9990358352661133,0.01197017077356577,0.9992547631263733,0.01200914103537798,0.9991744756698608,0.01210721954703331,0.999284029006958,0.012738330289721489,0.9991065263748169,0.011975393630564213,0.9992876052856445,0.012528789229691029,0.9992731213569641,0.011725228279829025,0.9992673993110657,0.012368853203952312,0.9993556141853333,0.011714818887412548,0.9993457794189453,0.011782903224229813,0.9992398023605347,0.01270381547510624,0.9991402626037598,0.012044483795762062,0.999137818813324,0.011852252297103405,0.9993084669113159,0.012255020439624786,0.9994144439697266,0.011680668219923973,0.9993091821670532,0.012220602482557297,0.999138593673706,0.012108733877539635,0.9993030428886414,0.012232138775289059,0.9992381930351257,0.012114357203245163,0.9992571473121643,0.012514426372945309,0.9992144703865051,0.012195441871881485,0.9991154670715332,0.01229186076670885,0.9993649125099182,0.01209496334195137,0.9992312788963318,0.01266193576157093,0.9992311000823975,0.011829187162220478,0.9992818832397461,0.012361176311969757,0.9992641806602478,0.011610767804086208,0.9992930293083191,0.012125062756240368,0.9992193579673767,0.011733261868357658,0.9992182850837708,0.012820194475352764,0.999119222164154,0.011813705787062645,0.9991466403007507,0.01225476898252964,0.9992235898971558,0.011869028210639954,0.9993227124214172,0.01211735513061285,0.9992265105247498,0.012451909482479095,0.9990878701210022,0.011903871782124043,0.9992787837982178,0.012385326437652111,0.9991913437843323,0.012013842351734638,0.9992235898971558,0.011774531565606594,0.9993378520011902,0.01179515477269888,0.9992155432701111,0.012094808742403984,0.9991368651390076,0.012308045290410519,0.9992220997810364,0.012104921974241734,0.9992526769638062,0.012087593786418438,0.9992872476577759,0.012594102881848812,0.9991316795349121,0.01261281780898571,0.9993031620979309,0.01225988194346428,0.9992034435272217,0.012180204503238201,0.9991901516914368,0.01175926998257637
6.0,26.664968179487214,26.59201709446368,0.0729510879465766,0.9992430210113525,0.011343201622366905,0.999265193939209,0.01182667724788189,0.9993560314178467,0.01111660897731781,0.999147355556488,0.011652931571006775,0.9992242455482483,0.011651205830276012,0.9992499351501465,0.011146814562380314,0.9992956519126892,0.011534889228641987,0.9991340637207031,0.012140311300754547,0.9993405342102051,0.011741354130208492,0.9993047714233398,0.011274026706814766,0.9992733597755432,0.011058207601308823,0.9994486570358276,0.01133363600820303,0.9992575645446777,0.011291192844510078,0.9991700649261475,0.01169209461659193,0.9994142651557922,0.011624217964708805,0.9993506073951721,0.011864857748150826,0.9993859529495239,0.011954705230891705,0.9992589354515076,0.011641794815659523,0.9992832541465759,0.011570793576538563,0.9992836713790894,0.011683805845677853,0.9992667436599731,0.010978924110531807,0.9992108941078186,0.011876762844622135,0.9991469979286194,0.011320747435092926,0.9992642998695374,0.011594549752771854,0.9993241429328918,0.01183865312486887,0.9992919564247131,0.0115864472463727,0.9993783235549927,0.011345827020704746,0.9992971420288086,0.011352845467627048,0.9994449019432068,0.011112134903669357,0.9991533160209656,0.01167029608041048,0.999234676361084,0.011683907359838486,0.99921053647995,0.011773405596613884,0.9993404746055603,0.01096758246421814,0.9993432760238647,0.011653807945549488,0.9992207288742065,0.01154677290469408,0.9993258714675903,0.0113236578181386,0.9992393851280212,0.011354915797710419,0.9993284344673157,0.012375107035040855,0.9991956949234009,0.012125400826334953,0.9992409944534302,0.011265922337770462,0.99924236536026,0.011890221387147903,0.9992946982383728,0.011558194644749165,0.9993345737457275,0.011303521692752838,0.9992191195487976,0.011717214249074459,0.9992901086807251,0.01155370008200407,0.9992028474807739,0.011545365676283836,0.9993009567260742,0.011742768809199333,0.9991838335990906,0.011145947501063347,0.9993528127670288,0.011392434127628803,0.999325692653656,0.01169942319393158,0.999138355255127,0.01187101285904646,0.9992499351501465,0.011339700780808926,0.9992967247962952,0.01111296284943819,0.9993005990982056,0.011549282819032669,0.9993365406990051,0.011599889025092125,0.9992465972900391,0.01165180467069149,0.9992836713790894,0.011549037881195545,0.999230146408081,0.011270391754806042,0.9992239475250244,0.011216696351766586,0.9992935061454773,0.011425409466028214,0.9994016289710999,0.011443249881267548,0.9992716312408447,0.011124649085104465,0.9993021488189697,0.011315523646771908,0.9993277192115784,0.011486303061246872
